criptomonedas_activas,icos_activas,icos_finalizadas,mercados,fecha_actualizacion
10191,49,3376,837,1692936192
10191,49,3376,837,1692936192
10191,49,3376,837,1692936192
10191,49,3376,837,1692936192
10191,49,3376,837,1692936192
10191,49,3376,837,1692936192
10191,49,3376,837,1692936192
10191,49,3376,837,1692936192
10191,49,3376,837,1692936192
10191,49,3376,837,1692936192
10191,49,3376,837,1692936192
10191,49,3376,837,1692936192
10191,49,3376,837,1692936192
10191,49,3376,837,1692936192
10191,49,3376,837,1692936192
10191,49,3376,837,1692936192
10191,49,3376,837,1692936192
10191,49,3376,837,1692936192
10191,49,3376,837,1692936192
10191,49,3376,837,1692936192
10191,49,3376,837,1692936192
10191,49,3376,837,1692936192
10191,49,3376,837,1692936192
10191,49,3376,837,1692936192
10191,49,3376,837,1692936192
10191,49,3376,837,1692936192
10191,49,3376,837,1692936192
10191,49,3376,837,1692936192
10191,49,3376,837,1692936192
10191,49,3376,837,1692936192
10191,49,3376,837,1692936192
10191,49,3376,837,1692936192
10191,49,3376,837,1692936192
10191,49,3376,837,1692936192
10191,49,3376,837,1692936192
10191,49,3376,837,1692936192
10191,49,3376,837,1692936192
10191,49,3376,837,1692936192
10191,49,3376,837,1692936192
10191,49,3376,837,1692936192
10191,49,3376,837,1692936192
10191,49,3376,837,1692936192
10191,49,3376,837,1692936192
10191,49,3376,837,1692936192
10191,49,3376,837,1692936192
10191,49,3376,837,1692936192
10191,49,3376,837,1692936192
10191,49,3376,837,1692936192
10191,49,3376,837,1692936192
10191,49,3376,837,1692936192
10191,49,3376,837,1692936192
10191,49,3376,837,1692936192
10191,49,3376,837,1692936192
10191,49,3376,837,1692936192
10191,49,3376,837,1692936192
10191,49,3376,837,1692936192
10191,49,3376,837,1692936192
10191,49,3376,837,1692936192
10191,49,3376,837,1692936192
10191,49,3376,837,1692936192
10191,49,3376,837,1692936192
10191,49,3376,837,1692936192
10191,49,3376,837,1692936192
10191,49,3376,837,1692936192
10191,49,3376,837,1692936192
10191,49,3376,837,1692936192
10191,49,3376,837,1692936192
